{
    "keyboard_name": "METABLE Designer T12 RGB",
    "manufacturer": "METABLE",
    "url": "https://www.metable.co.kr",
    "maintainer": "Jimmy Yun",
    "usb": {
        "vid": "0x1C6C",
        "pid": "0xF031",
        "device_version": "0.0.1"
    },

    "layouts": {
        "LAYOUT": {
            "layout": [
                {"label":"Num Lock", "x":0, "y":0},
                {"label":"M1", "x":1, "y":0},
                {"label":"M2", "x":2, "y":0},
                {"label":"M3", "x":3, "y":0},

                {"label":"ESC", "x":0, "y":1},
                {"label":"1", "x":1, "y":1},
                {"label":"2", "x":2, "y":1},
                {"label":"3", "x":3, "y":1},
                {"label":"4", "x":4, "y":1},
                {"label":"5", "x":5, "y":1},
                {"label":"6", "x":6, "y":1},
                {"label":"Del", "x":7, "y":1, "w":1.25},

                {"label":"Tab", "x":0, "y":2, "w":1.5},
                {"label":"7", "x":1, "y":2},
                {"label":"8", "x":2, "y":2},
                {"label":"9", "x":3, "y":2},
                {"label":"0", "x":4, "y":2},
                {"label":"+", "x":5, "y":2},
                {"label":"Enter", "x":6, "y":2, "w":1.75},

                {"label":"Shift", "x":0, "y":3, "w":2},
                {"label":"z", "x":1, "y":3},
                {"label":"x", "x":2, "y":3},
                {"label":"c", "x":3, "y":3},
                {"label":"v", "x":4, "y":3, "w":1.5},

                {"label":"Ctrl", "x":0, "y":4, "w":2},
                {"label":"Fn", "x":1, "y":4},
                {"label":"Alt", "x":2, "y":4},
                {"label":"space", "x":3, "y":4, "w":3.25}
            ]
        }
    }
}
