{
  "name": "METABLE Designer T11 RGB",
  "vendorId": "0x1C6C",
  "productId": "0xF030",
  "keycodes": ["qmk_lighting"],
  "menus": [
    {
      "label": "Lighting",
      "content": [
        {
          "label": "Backlight",
          "content": [
            {
              "label": "Brightness",
              "type": "range",
              "options": [0, 255],
              "content": ["id_qmk_rgb_matrix_brightness", 3, 1]
            },
            {
              "label": "Effect",
              "type": "dropdown",
              "content": ["id_qmk_rgb_matrix_effect", 3, 2],
              "options": [
                "All Off",
                "Solid Color",
                "Alphas Mods",
                "Gradient Up/Down",
                "Gradient Left/Right",
                "Breathing",
                "Band Sat.",
                "Band Val.",
                "Pinwheel Sat.",
                "Pinwheel Val.",
                "Spiral Sat.",
                "Spiral Val.",
                "Cycle All",
                "Cycle Left/Right",
                "Cycle Up/Down",
                "Rainbow Moving Chevron",
                "Cycle Out/In",
                "Cycle Out/In Dual",
                "Cycle Pinwheel",
                "Cycle Spiral",
                "Dual Beacon",
                "Rainbow Beacon",
                "Rainbow Pinwheels",
                "Raindrops",
                "Jellybean Raindrops",
                "Hue Breathing",
                "Hue Pendulum",
                "Hue Wave",
                "Pixel Rain",
                "Pixel Flow",
                "Pixel Fractal"
            ]
            },
            {
                "showIf": "{id_qmk_rgb_matrix_effect} != 0",
                "label": "Effect Speed",
                "type": "range",
                "options": [0, 255],
                "content": ["id_qmk_rgb_matrix_effect_speed", 3, 3]
            },
            {
                "showIf": "{id_qmk_rgb_matrix_effect} != 0 && {id_qmk_rgb_matrix_effect} != 24 && {id_qmk_rgb_matrix_effect} != 28 && {id_qmk_rgb_matrix_effect} != 29 && {id_qmk_rgb_matrix_effect} != 32",
                "label": "Color",
                "type": "color",
                "content": ["id_qmk_rgb_matrix_color", 3, 4]
            }
          ]
        }
      ]
    }
  ],
  "matrix": {"rows": 5, "cols": 8},
  "customKeycodes": [
      {"name": "Toggle WinKey Lock", "title": "Toggle WinKey Lock", "shortName": "WinLock"},
      {"name": "WIN Mode", "title": "windows OS Mode", "shortName": "winOS"},
      {"name": "MAC Mode", "title": "macintosh OS Mode", "shortName": "macOS"},
      {"name": "Linux Mode", "title": "Linux OS Mode", "shortName": "LinuxOS"},
      {"name": "Mission Control", "title": "Mission Control in macOS", "shortName": "Mission Control"},
      {"name": "Launch Pad", "title": "Launch Pad in macOS", "shortName": "Launch Pad"},
      {"name": "Sport Light", "title": "Sport Light in macOS", "shortName": "Sport Light"},
      {"name": "Dictation", "title": "LDictation in macOS", "shortName": "Dictation"},
      {"name": "Do Not Disturb", "title": "Do Not Disturb in macOS", "shortName": "Do Not Disturb"},
      {"name": "Lock Screen", "title": "Lock Screen in macOS", "shortName": "Lock Screen"},
      {"name": "Left Option", "title": "Left Option in macOS", "shortName": "Left Option"},
      {"name": "Right Option", "title": "Right Option in macOS", "shortName": "Right Option"},
      {"name": "Left Cmd", "title": "Left Command in macOS", "shortName": "Left Command"},
      {"name": "Right Cmd", "title": "Right Command in macOS", "shortName": "Right Command"}, 
      {"name": "BL Mode DEC", "title": "BackLight Mode Decrease", "shortName": "BL M DEC"},
      {"name": "BL SPD INC", "title": "BackLight Effect Speed Increase", "shortName": "BL SPD I"},
      {"name": "BL SPD DEC", "title": "BackLight Effect Speed Decrease", "shortName": "BL SPD D"},      
      {"name": "Toggle AllKey Lock", "title": "Toggle All Key Lock", "shortName": "KeyLock"}
  ],

"layouts": {
"keymap": [
    [{"c": "#777777","x":1},"0,0", {"c": "#aaaaaa", "x":0.5},"0,1", "0,2", {"w": 1},"0,3"],
    [{"c": "#777777","a":4},"1,0", {"c": "#cccccc","a":4},"1,1", "1,2", "1,3", "1,4", "1,5", "1,6", {"w": 1.25},"1,7"],
    [{"c": "#777777","w":1.5},"2,0", {"c": "#cccccc"},"2,1", "2,2", "2,3", "2,4", "2,5", {"w":1.75},"2,6"],
    [{"c": "#777777","w":2}, "3,0", {"c": "#cccccc","a":4},"3,1", "3,2","2,3", {"w":1.3},"2,4"],
    [{"c": "#777777"},"4,0", "4,1", "4,2", {"w":3, "a":4},"4,3", {"c": "#aaaaaa", "x":0.25, "y":-1, "w":2, "h":2 },"4,4\n\n\n\n\n\n\n\n\ne0" ]
  ]
}
}