{
  "name": "METABLE K30 RGB",
  "vendorId": "0x1C6C",
  "productId": "0xF020",
  "keycodes": ["qmk_lighting"],
  "menus": [
    {
      "label": "Lighting",
      "content": [
        {
          "label": "Backlight",
          "content": [
            {
              "label": "Brightness",
              "type": "range",
              "options": [0, 255],
              "content": ["id_qmk_rgb_matrix_brightness", 3, 1]
            },
            {
              "label": "Effect",
              "type": "dropdown",
              "content": ["id_qmk_rgb_matrix_effect", 3, 2],
              "options": [
                "All Off",
                "Solid Color",
                "Gradient Up/Down",
                "Gradient Left/Right",
                "Breathing",
                "Band Sat.",
                "Band Val.",
                "Pinwheel Sat.",
                "Pinwheel Val.",
                "Spiral Sat.",
                "Spiral Val.",
                "Cycle All",
                "Cycle Left/Right",
                "Cycle Up/Down",
                "Rainbow Moving Chevron",
                "Cycle Out/In",
                "Cycle Out/In Dual",
                "Cycle Pinwheel",
                "Cycle Spiral",
                "Dual Beacon",
                "Rainbow Beacon",
                "Rainbow Pinwheels",
                "Raindrops",
                "Jellybean Raindrops",
                "Hue Breathing",
                "Hue Pendulum",
                "Hue Wave",
                "Pixel Rain",
                "Pixel Flow"
              ]
            },
            {
              "showIf": "{id_qmk_rgb_matrix_effect} != 0 && {id_qmk_rgb_matrix_effect} != 1 && {id_qmk_rgb_matrix_effect} != 2 && {id_qmk_rgb_matrix_effect} != 3",
              "label": "Effect Speed",
              "type": "range",
              "options": [0, 255],
              "content": ["id_qmk_rgb_matrix_effect_speed", 3, 3]
            },
            {
              "showIf": "{id_qmk_rgb_matrix_effect} == 2 || {id_qmk_rgb_matrix_effect} == 3",
              "label": "Gradient Range",
              "type": "range",
              "options": [0, 255],
              "content": ["id_qmk_rgb_matrix_effect_speed", 3, 3]
            },
            {
              "showIf": "{id_qmk_rgb_matrix_effect} != 0 && {id_qmk_rgb_matrix_effect} != 23 && {id_qmk_rgb_matrix_effect} != 27 && {id_qmk_rgb_matrix_effect} != 28",
              "label": "Color",
              "type": "color",
              "content": ["id_qmk_rgb_matrix_color", 3, 4]
            }
          ]
        }
      ]
    }
  ],

  
  "matrix": {"rows": 6, "cols": 4},
  "customKeycodes": [
      {"name": "Toggle WinKey Lock", "title": "Toggle WinKey Lock", "shortName": "WinLock"},
      {"name": "WIN Mode", "title": "windows OS Mode", "shortName": "winOS"},
      {"name": "MAC Mode", "title": "macintosh OS Mode", "shortName": "macOS"},
      {"name": "Mission Control", "title": "Mission Control in macOS", "shortName": "Mission Control"},
      {"name": "Launch Pad", "title": "Launch Pad in macOS", "shortName": "Launch Pad"},
      {"name": "Sport Light", "title": "Sport Light in macOS", "shortName": "Sport Light"},
      {"name": "Dictation", "title": "LDictation in macOS", "shortName": "Dictation"},
      {"name": "Do Not Disturb", "title": "Do Not Disturb in macOS", "shortName": "Do Not Disturb"},
      {"name": "Lock Screen", "title": "Lock Screen in macOS", "shortName": "Lock Screen"},
      {"name": "Left Option", "title": "Left Option in macOS", "shortName": "Left Option"},
      {"name": "Right Option", "title": "Right Option in macOS", "shortName": "Right Option"},
      {"name": "Left Cmd", "title": "Left Command in macOS", "shortName": "Left Command"},
      {"name": "Right Cmd", "title": "Right Command in macOS", "shortName": "Right Command"}, 
      {"name": "BL Mode DEC", "title": "BackLight Mode Decrease", "shortName": "BL M DEC"},
      {"name": "BL SPD INC", "title": "BackLight Effect Speed Increase", "shortName": "BL SPD I"},
      {"name": "BL SPD DEC", "title": "BackLight Effect Speed Decrease", "shortName": "BL SPD D"},      
      {"name": "Toggle AllKey Lock", "title": "Toggle All Key Lock", "shortName": "KeyLock"}
  ],

"layouts": {
"keymap": [
    [{"c": "#cccccc"},"0,0\nESC", "0,1", "0,2", {"w": 0.25,"c": "#aaaaaa"},"5,1",{"w": 0.5},"0,3\n\n\n" ,{"w": 0.25},"5,3"],
    [{"c": "#777777","a":4},"1,0", "1,1", "1,2", "1,3"],
    [{"c": "#cccccc","a":4},"2,0", "2,1", "2,2", {"c": "#777777","h":2},"2,3"],
    [{"c": "#cccccc","a":4},"3,0", "3,1", "3,2"],
    ["4,0", "4,1", "4,2", {"c": "#777777", "h":2},"4,3" ],
    [{"c": "#cccccc","w":2},"5,0", "5,2"]
  ]
}
}