{
    "keyboard_name": "METABLE K20 RGB",
    "manufacturer": "METABLE",
    "url": "https://www.metable.co.kr",
    "maintainer": "Jimmy Yun",
    "usb": {
        "vid": "0x1C6C",
        "pid": "0xF021",
        "device_version": "0.0.1"
    },

    "layouts": {
        "LAYOUT": {
            "layout": [
    {"label":"ESC", "x":0, "y":0},
    {"label":"TAB", "x":1, "y":0},
    {"label":"BS", "x":2, "y":0},
    {"label":"FN", "x":3, "y":0},

    {"label":"Num Lock", "x":0, "y":1},
    {"label":"/", "x":1, "y":1},
    {"label":"*", "x":2, "y":1},
    {"label":"-", "x":3, "y":1},

    {"label":"7", "x":0, "y":2},
    {"label":"8", "x":1, "y":2},
    {"label":"9", "x":2, "y":2},
    {"label":"+", "x":3, "y":2, "h":2},

    {"label":"4", "x":0, "y":3},
    {"label":"5", "x":1, "y":3},
    {"label":"6", "x":2, "y":3},

    {"label":"1", "x":0, "y":4},
    {"label":"2", "x":1, "y":4},
    {"label":"3", "x":2, "y":4},
    {"label":"Enter", "x":3, "y":4, "h":2},

    {"label":"0", "x":0, "y":5, "w":2},
    {"label":".", "x":2, "y":5}
            ]
        }
    }
}
